Continent,Average Mortality Rate (%),Average Air Quality Index
Asia,6.052058823529412,82.0
North America,7.666923076923076,42.84615384615385
Africa,7.438125,124.875
Europe,10.651333333333334,56.53333333333333
South America,5.781428571428572,66.0
Oceania,6.904999999999999,24.0
